{
    "train": {
        "overall": {
            "sensitivity": 0.8689320388349514,
            "specificity": 0.783375314861461,
            "PPV": 0.50997150997151,
            "NPV": 0.9583975346687211,
            "AUC": 0.87730796507789
        },
        "left_circumflex": {
            "sensitivity": 0.796875,
            "specificity": 0.783375314861461,
            "PPV": 0.22869955156950672,
            "NPV": 0.9795275590551181,
            "AUC": 0.8585878463476071
        },
        "right_coronary_artery": {
            "sensitivity": 0.9210526315789473,
            "specificity": 0.783375314861461,
            "PPV": 0.2892561983471074,
            "NPV": 0.9904458598726115,
            "AUC": 0.8825069600954527
        },
        "left_anterior_descending": {
            "sensitivity": 0.8787878787878788,
            "specificity": 0.783375314861461,
            "PPV": 0.25217391304347825,
            "NPV": 0.9873015873015873,
            "AUC": 0.8894740859476375
        }
    },
    "test_1": {
        "overall": {
            "sensitivity": 0.4939759036144578,
            "specificity": 0.4479495268138801,
            "PPV": 0.18981481481481483,
            "NPV": 0.7717391304347826,
            "AUC": 0.4563490555281061
        },
        "left_circumflex": {
            "sensitivity": 0.34375,
            "specificity": 0.4479495268138801,
            "PPV": 0.05913978494623656,
            "NPV": 0.8711656441717791,
            "AUC": 0.37992902208201895
        },
        "right_coronary_artery": {
            "sensitivity": 0.5862068965517241,
            "specificity": 0.4479495268138801,
            "PPV": 0.08854166666666667,
            "NPV": 0.922077922077922,
            "AUC": 0.5174589361470684
        },
        "left_anterior_descending": {
            "sensitivity": 0.5909090909090909,
            "specificity": 0.4479495268138801,
            "PPV": 0.06914893617021277,
            "NPV": 0.9403973509933775,
            "AUC": 0.48695153427014626
        }
    },
    "test_2": {
        "overall": {
            "sensitivity": 0.651685393258427,
            "specificity": 0.3987138263665595,
            "PPV": 0.23673469387755103,
            "NPV": 0.8,
            "AUC": 0.5242963979912569
        },
        "left_circumflex": {
            "sensitivity": 0.6176470588235294,
            "specificity": 0.3987138263665595,
            "PPV": 0.10096153846153846,
            "NPV": 0.9051094890510949,
            "AUC": 0.5205220351806318
        },
        "right_coronary_artery": {
            "sensitivity": 0.71875,
            "specificity": 0.3987138263665595,
            "PPV": 0.10952380952380952,
            "NPV": 0.9323308270676691,
            "AUC": 0.5285369774919614
        },
        "left_anterior_descending": {
            "sensitivity": 0.6086956521739131,
            "specificity": 0.3987138263665595,
            "PPV": 0.06965174129353234,
            "NPV": 0.9323308270676691,
            "AUC": 0.5239759541451139
        }
    },
    "test_3": {
        "overall": {
            "sensitivity": 0.925,
            "specificity": 0.090625,
            "PPV": 0.20273972602739726,
            "NPV": 0.8285714285714286,
            "AUC": 0.33765625
        },
        "left_circumflex": {
            "sensitivity": 0.9230769230769231,
            "specificity": 0.090625,
            "PPV": 0.0761904761904762,
            "NPV": 0.9354838709677419,
            "AUC": 0.31658653846153845
        },
        "right_coronary_artery": {
            "sensitivity": 0.9259259259259259,
            "specificity": 0.090625,
            "PPV": 0.07911392405063292,
            "NPV": 0.9354838709677419,
            "AUC": 0.33518518518518514
        },
        "left_anterior_descending": {
            "sensitivity": 0.9259259259259259,
            "specificity": 0.090625,
            "PPV": 0.07911392405063292,
            "NPV": 0.9354838709677419,
            "AUC": 0.36041666666666666
        }
    }
}